peak,vmin,vmax
1000.169719,0.00010000001429163316,0.00022823975247938746
1001.571021,0.00010000000030968535,0.0006854071290541558
1001.652219,0.00010000323957130049,0.0021361120366045834
1002.581042,9.999999980998001e-05,0.0012186231577326564
1003.667804,0.00010000639086867346,0.0033544521097513542
1004.586517,9.999999959486373e-05,0.000554739975499995
1004.641764,0.00010000000000688383,0.0005520421419208656
1004.670867,0.00010000004413154612,0.0010034823835754247
1007.605030,0.00010000001535606755,0.0010852726392182365
1010.252805,0.00010000000045542121,0.0004717227577908752
1011.499561,0.00010000000198755334,0.0007441465182737842
1014.546581,9.999999995019496e-05,0.000517059845184191
1019.046971,0.00010000002380903075,0.0003385360334647076
1019.558031,9.999999938648179e-05,0.0008780953248431614
1024.956598,9.999999970485076e-05,0.0005457121315074219
1025.538300,0.00010000006028106136,0.0019520844195313792
1028.526041,9.999999928241695e-05,0.000559248872440978
1029.529570,9.99999995706566e-05,0.0004839331890422267
1032.617222,9.999999813290909e-05,0.0017176396914131854
1035.499120,0.00010000000143919785,0.00069126447085041
1039.550852,9.999999936956608e-05,0.0005227504954380645
1045.561761,9.999999893863292e-05,0.0006861394280549011
1048.565112,0.00010000001219078558,0.0005702483934356022
1050.509665,0.0001000000006647361,0.0005610998579682286
1054.541671,9.999999889229363e-05,0.0005839226212495217
1057.560950,0.00010000000119160052,0.0005894388174665072
1058.022985,0.00010000000005640404,0.0006549630095855239
1060.648419,0.000100000040925029,0.0007452163907554555
1062.951232,0.00010000007340271078,0.0009578702721752992
1063.036808,0.0001000000009085217,0.0003835581752831716
1063.571492,0.00010000000097122586,0.0005815523316061648
1063.954814,0.00010000000622570432,0.0007007595836775633
1065.589212,0.00010000000069316188,0.0006041226881704473
1066.056106,9.997154701204611e-05,0.0006578287329956612
1066.219251,0.00010000000012089912,0.0005025765285234767
1071.576664,0.00010000000073197652,0.0004889022925275621
1072.106241,9.291738532962227e-05,0.00010840806764243882
1074.510542,0.00010000000041303059,0.000731983414871812
1076.525770,0.0001000000015591474,0.0006249932011846681
1077.530178,9.999999985549808e-05,0.0005962982360580416
1078.925058,0.00010000000160983805,0.0007510711965545514
1079.406222,9.999999901548097e-05,0.0007306165859596693
1079.605209,9.999999963497795e-05,0.00045999576573702656
1082.590315,9.999999959426527e-05,0.000504652189896716
1087.034884,9.996990615777259e-05,0.0006122188061886125
1088.038270,0.00010000095728005883,0.0005069207331221135
1097.455572,9.999999980688931e-05,0.0013014087509386984
1097.475868,9.999999912720262e-05,0.0006002179622030148
1098.564273,0.00010000000103786643,0.0005522612338336806
1099.492210,0.00010000000585481112,0.0014305188358457576
1099.512543,0.000100000000176395,0.0005294884879124826
1100.496280,0.00010000000227189977,0.0008296365694848609
1101.527540,0.00010000001038304474,0.001570671048620927
1101.550917,9.999999883123031e-05,0.0005593174846737247
1103.526387,0.0001000000004199099,0.0005002475530598839
1104.695858,0.00010000011388059821,0.0007450017946477158
1105.014324,9.999999965124014e-05,0.0005189066544661219
1106.010172,9.999999884412364e-05,0.0004605634712204026
1108.312750,0.00010000000017682007,0.00044978880229559423
1113.449441,9.999999941094809e-05,0.00047950060431582
1118.535620,9.999999939034465e-05,0.0005526490473141995
1121.018698,0.00010000000388243604,0.0004714747085741816
1121.499829,9.999999981627257e-05,0.0005902276525004737
1122.021372,0.0001000000003048986,0.0004942844127750792
1124.990029,0.00010000000886385414,0.0006484763359432348
1128.095090,6.81648292286985e-05,0.00011074020951530239
1131.691507,0.00010000000096935482,0.0005661012926850763
1135.510410,9.999999982707922e-05,0.0005321359239376149
1138.597323,0.00010000000016260176,0.000724775990996366
1140.985036,9.999999877011973e-05,0.0006907628800041011
1143.001197,0.00010000183839571981,0.0009169604963651295
1145.021630,4.4270575320291713e-05,0.0001806851428999581
1145.102251,9.676769801657147e-05,0.0003992737767149212
1151.479443,9.999999951704952e-05,0.0006807602907954334
1154.425458,9.99999997533867e-05,0.000570134561634972
1172.057836,9.99999993342228e-05,0.00046170895497600655
1178.672486,9.999999997790257e-05,0.0005618854965231677
1182.049220,0.00010000000040623123,0.0002812278218654883
1184.061362,9.890858611077605e-05,0.0002651501847629617
1184.486618,9.999999928648338e-05,0.0005908028784248964
1195.619676,0.00010000000037552992,0.0005036385839009347
1196.519687,9.999999942195014e-05,0.0005568094439352073
401.117359,9.831012971155756e-05,0.00011141164679986076
401.153621,9.962077891756325e-05,0.00011434363991968553
403.111127,0.00010000081865348663,0.0004561079678441333
403.132965,9.942118328000553e-05,0.0001273154130089402
405.111824,0.00010000004564414893,0.0001499172392161944
408.008249,0.00010000344488684798,0.003609060532722851
408.164371,0.00010000000083091036,0.0005389493275016955
409.122400,0.00010000008051761675,0.00017351478641267586
409.158296,0.00010000007412653037,0.00032891058273865076
411.116892,0.00010002652120789505,0.0006458208184430972
411.138007,0.00010000043277423162,0.00019907635415519843
412.321092,0.00010000005918474228,0.0012749775622037157
413.117308,9.918526122986943e-05,0.00010983736239624203
413.132521,0.00010003276313784767,0.000745728197127186
413.153661,0.00010000009822600086,0.00014581096470468315
414.336667,0.00010000071693964354,0.007835185297277655
415.132900,9.987863934989884e-05,0.00012786469790910374
415.221987,0.00010000000079942853,0.000500144752233139
415.339978,0.0001000001714708578,0.0016379727530299202
417.112067,0.00010000000628340413,0.00013555343530210028
420.200765,0.00010000000081887714,0.0005087379826739072
422.109087,0.00010001047700705449,0.00027376466634124457
422.179985,0.00010000000065048225,0.0005774439230924234
423.174889,9.999999976177412e-05,0.0004521807728675928
425.089218,0.00010000000011052216,0.0004583166134983785
425.154227,0.00010000020887284729,0.0002467060739468539
426.357733,0.00010000000523499898,0.000503860616523561
427.133035,0.00010000000503535387,0.0005788406741178355
428.155980,0.00010000036683618886,0.00033894191446647026
428.977394,0.00010000000791729798,0.0003727912162479385
430.167198,0.00010000005395566543,0.00023214994723339916
432.164464,0.00010000000013988251,0.0004913600330690025
433.158805,0.00010000004832315157,0.00034684456391245977
434.180086,0.00010000000159333499,0.0006058322189321541
435.175010,9.999999940684221e-05,0.0004841815870581919
436.195762,9.999999921414836e-05,0.0005966042410073547
437.154161,0.00010000000050409605,0.00043703712780535173
438.174945,0.00010000000063108248,0.0005113207586683206
440.947579,0.00010000011348828881,0.0008863425888656177
441.237725,0.00010000000074423534,0.0005101212746487924
442.167215,0.00010000006856019855,0.00030104855703941486
443.253305,9.999999936964459e-05,0.0005028935052969788
445.158889,0.00010000052687962034,0.0003691466531734066
446.180136,0.00010000000072391843,0.000529852699734815
447.175042,9.999999957066477e-05,0.0004037924002260384
448.014805,0.00010000031572367267,0.00042596690670191776
448.195749,0.00010000000169143874,0.0006226614752928236
449.154200,9.999999949991159e-05,0.000453015176761491
449.190798,9.999999888119709e-05,0.0005610531144738665
449.289782,0.00010000000017855611,0.00042800974816370615
450.174955,9.999999999902275e-05,0.0005122724079073957
450.211350,9.999999906912463e-05,0.0005785868012473564
451.169981,0.00010000000004594787,0.0005116187312258037
451.206560,0.00010000000069875084,0.0005776957509710548
452.155941,0.00010000027951799553,0.00035079743201287553
453.167636,0.00010000078545862577,0.0016904101622064469
453.177924,0.00010000036557318386,0.002336492452303892
454.171140,0.00010000007350373583,0.0005324587332741
454.181267,9.999999876116618e-05,0.0006786583566223776
455.143104,0.0001000005334017155,0.0003873909181333268
456.105441,0.00010000000705544065,0.0003239309269214954
457.064392,0.00010000000157097598,0.0006276353290005415
457.158756,0.00010000122224975715,0.00022927042130604187
457.211426,0.00010000000038565871,0.0005811600039028968
457.211798,0.00010000000038120253,0.0006022804761998137
459.116906,0.00010000968059985937,0.0004707811745197807
459.174700,0.0001000000003685856,0.0003825729636704499
459.227261,9.999999903809025e-05,0.0005401149196278397
459.248227,0.00010000003160681683,0.0005380643742735257
459.308350,0.00010004599323645235,0.0021653100922456175
460.195767,9.999999946170784e-05,0.00051724280112761
460.258934,0.00010000000032231649,0.00040634148265197205
461.132577,0.00010001310611906359,0.0006126568040738228
461.190736,0.00010000000068822593,0.0005029517440720063
462.211357,9.999999878388152e-05,0.0005816630514980933
462.222641,0.00010003625496554147,0.0013066902763366893
463.006335,0.00010000006381208985,0.0002646295009280661
463.169952,9.999999913809541e-05,0.0005148482750359167
463.206574,9.999999935967443e-05,0.0005812436972417761
464.190706,0.00010000000003260122,0.0005144651560460775
464.227261,0.00010000000095748698,0.0005602639762410532
465.022010,9.99999050946947e-05,0.000918620803300175
465.185770,9.999999980048271e-05,0.0005425415392218304
465.258659,0.0001000248563120562,0.00035380574259704885
466.206305,9.999999908296653e-05,0.0005581379337755075
469.152013,9.999995777075709e-05,0.010390585853662806
470.155254,0.00010000000703889798,0.0016376693952693951
471.047717,0.00010000010871396835,0.00024619706179634
471.151632,0.00010000003621347638,0.0009181669624417675
472.246133,0.00010000218097071103,0.0006875684168815722
473.063486,0.0001000000811143161,0.000252530288025959
473.302838,0.00010000021681911337,0.001992218298675957
473.323976,0.00010000228824708562,0.0004781096100239622
475.169967,0.00010000000047862932,0.0004799425179131092
475.206534,9.999999979985388e-05,0.0005137944907217227
475.222207,0.0001000000005025588,0.0006901390635314694
475.305487,0.00010000054370137941,0.0006167453946863904
476.226361,9.999999929360816e-05,0.0005198758804492661
476.313598,0.00010000000040628985,0.0004314935110216639
476.980901,0.00010000000093888515,0.0004154129028244131
477.164185,0.00010001125336629358,0.0005008730176098439
477.185709,0.00010000000144060845,0.0005837929459251605
478.242712,0.0001000000002622417,0.0005278303898169952
478.329239,0.0010444923599717602,0.007984365174352945
479.172578,9.999999946463047e-05,0.0006475350886672849
479.179811,0.00010000162827299402,0.0004296502811456658
479.193618,0.0001000000023609965,0.0013296856922476378
479.201448,9.999999845169089e-05,0.0006585094475764696
479.332584,0.00010000009857464693,0.0019694886391360155
480.196866,9.999999944446687e-05,0.000565099227831325
480.344900,0.00010000000019861633,0.0006300257121306167
480.921306,0.00010000002164747985,0.0008865224716030414
481.158909,0.00010000035771453856,0.0003575187897930811
481.209214,0.00010000006345465111,0.0020914369491794255
481.232623,0.00010000026721570047,0.0005171115505637913
482.212512,0.00010000000135771351,0.000732901894783169
484.324540,0.00010000000995650394,0.000569765260449249
484.946653,0.00010000001352018704,0.0009130590390669391
484.967250,0.00010000066486496165,0.0010835927292952192
485.132663,0.0001000137692398708,0.0005382730085626986
487.148236,0.00010000915029886733,0.0005973768393021645
487.162464,0.00010000000059743828,0.00043634676723826175
488.151045,0.00010000034805882931,0.0004095435064517486
489.163950,0.00010001158149966628,0.0005689387575155783
489.222252,0.0001000000008378506,0.0005291653617326693
489.318944,0.00010000340783505833,0.0010796864457531068
489.380068,9.999999971408196e-05,0.00041919655657326105
491.179690,0.00010000207903473,0.00046637608728811343
491.201459,0.00010000000024211878,0.0006242671067360337
491.237847,9.999999873030339e-05,0.0006058939967917885
492.189914,0.00010003228137703893,0.00035221750359848495
492.196783,0.00010000000029272985,0.0005437746867175184
492.248728,0.00010000000172766913,0.0006637077140991896
493.158818,0.00010000012494207302,0.0003429960981502314
493.180775,9.999999970495948e-05,0.0004906849329538328
493.217180,0.00010000000147311809,0.0006071034064375367
493.252953,0.0001000000005448542,0.00048298457007356273
495.064686,0.00010000007632896742,0.00031634025142662303
495.167513,0.00010000002103617849,0.004924453670769033
496.135137,0.000100000060685729,0.0003802145197297658
496.339878,0.00010000002892086428,0.0024759232538075935
497.165709,9.999999900897132e-05,0.0006465819700356108
498.186489,0.00010000001576870555,0.001825920214499769
499.150666,0.0001000222437938841,0.00040527013586090223
499.181384,0.00010000000553838582,0.0010332288745769683
499.186376,0.00010000000086935055,0.000665669567067183
500.298449,0.00010000003764783479,0.0007175434995918072
500.920363,0.00010000028704239513,0.0015275842827395228
501.058291,0.00010000014508065255,0.0003642094029168381
501.178093,9.999999969497688e-05,0.0005609084457777417
501.209884,0.0001000009293613432,0.0003113021746095568
501.237836,0.0001000000007335502,0.00043003428938184415
503.195950,9.999999982430134e-05,0.0004422401057266337
503.253464,9.99999997985996e-05,0.0004131172213904746
503.293823,0.00010000002893002745,0.0006376604710105684
503.334582,0.00010015563465487811,0.002439252529926049
504.344854,9.999999626521506e-05,0.002861624872720622
505.253458,9.999999954895503e-05,0.0005384284661627405
505.340773,0.00010000011523049079,0.0005200732999073905
505.348351,0.00010000003693584744,0.0007761242461236626
505.367623,0.00010000015020315011,0.0019120868530307885
506.248895,0.00010001160770986809,0.0013189095901084858
506.360583,0.00010000003218897214,0.001890857836975464
507.174498,0.00010000004306378982,0.00033367030253636526
507.196427,9.999999991169793e-05,0.000529372383117169
507.232789,9.9999998398238e-05,0.000639125780679797
507.363879,0.00010000001261855029,0.0006175355828109344
508.228114,0.00010000000052198628,0.0005533988895374045
509.212078,0.00010000000060624156,0.0005358328288569672
511.227735,0.00010000000761776902,0.0007146655683841144
512.223007,0.00010000000027811362,0.0004649568585831528
513.178133,9.999999783792018e-05,0.0008477739673799079
515.193804,0.0001000000003827533,0.0005335130802674174
516.248730,0.00010000000039272648,0.00026227931358554113
516.285576,0.00010000000791031458,0.0013768525717335442
517.053321,0.00010000009771246768,0.00025385797194714963
517.151909,0.0001000000021765824,0.0013475626640443202
517.288547,9.99999992608914e-05,0.0005017887306443449
518.212553,0.00010000000021521727,0.0005524699551863546
518.264437,0.00010002899137422407,0.005131959299487659
519.232854,9.999999940615015e-05,0.0006265501078368999
519.267892,0.00010000454883527505,0.0014927652823184298
520.191853,9.999999998864349e-05,0.0005028616828024526
520.228168,9.999999933969521e-05,0.0006069138332802366
520.262651,0.00010000000371759172,0.0006280040665692071
520.280074,9.999999860099937e-05,0.0007358943662570985
521.206614,9.999999947069176e-05,0.0004938761548901869
521.248504,9.999999889009664e-05,0.0005823595492139699
521.289836,0.00010000001831967625,0.0003956175576327329
522.243823,9.999999921194691e-05,0.0005831280885406448
523.198803,0.00010000000702789415,0.0007020811670061332
523.227757,9.999999900893882e-05,0.000558396630985965
523.358866,0.00010000000535201755,0.0005100021880377106
526.329258,0.00010000074638838918,0.0008029383333836786
527.070494,0.00010000109054793533,0.0025751187959032235
527.296201,9.999999823598522e-05,0.0009490035897487228
527.332603,0.00010000000057749086,0.000398224931161599
528.293433,9.999999958333713e-05,0.0006620008746367019
528.974286,0.00010003716789708582,0.0007593190107618288
529.217189,9.999999924147619e-05,0.0004961327588964567
529.232715,9.999999717763006e-05,0.0009586402824775824
530.204654,9.999999848523899e-05,0.000842487886012513
530.935791,9.99999998341747e-05,0.0003900973758919032
531.232585,0.00010000000025684833,0.0005359152629908055
531.532959,0.0001000000002552551,0.000463935943110495
532.228202,9.999999868432755e-05,0.0005950300038695012
532.376231,0.00010000000624714957,0.0005504222614515772
533.078547,0.00010000006518023421,0.0005083739589782464
533.212126,0.00010000000016431524,0.0005257621067714176
533.248529,0.00010000000036102366,0.000594395842797312
533.345187,0.00010002207800426445,0.0011984455967231728
534.207425,0.00010000000064243748,0.0005511453312296183
534.243794,9.999999882376837e-05,0.0006126241998797603
534.295716,0.0005402640461903661,0.004574257961098514
534.348359,0.00010000018408540938,0.0004888793643910328
535.264173,0.00010000000011094708,0.0005657863699711132
535.299071,0.00010000001358403305,0.001260356800729561
536.223035,0.00010000000096724877,0.0005777221887890303
536.259469,0.00010000000085063504,0.0006188562488342415
536.293907,0.00010000000212059875,0.000477344117164027
537.243440,0.0001000000011758032,0.0005530120157066681
540.125011,0.00010000086855441888,0.00041900165113993186
540.225526,0.00010000000119658248,0.0006370057772026211
540.248890,0.00010000005450998766,0.003005356518414527
541.128350,0.00010000000294035174,0.00026424574067568054
541.151901,0.00010000005820766179,0.002374051960946303
541.173078,0.00010000000033019036,0.0005008929918534564
541.238375,0.00010000602662458965,0.0011748308574930186
541.252308,0.00010000015717513635,0.0009718402512520222
542.248237,0.00010000000037503397,0.0004657260851789882
542.264446,0.0001000002756519868,0.0006291914485685416
542.300790,0.00010000000088724415,0.0005967611922900627
543.150012,0.00010000000053719314,0.00046676940744687926
543.248559,0.00010000000117812383,0.0007295520939850632
544.228304,0.00010000000062177988,0.0005250749636206423
545.071818,9.998257778205302e-05,0.0009820769979644788
545.183234,9.999999943942043e-05,0.0004939737838786321
545.248362,9.999999907924134e-05,0.0005279413806955408
546.207447,0.00010000000077175467,0.0005244370032349066
546.243940,9.999999932369095e-05,0.0005471260950690421
546.259122,0.00010000016186089641,0.0007279750040398638
546.295721,0.00010005732128958665,0.0024827906940171687
546.353132,0.00010000006870192457,0.0005277789981367456
546.524551,0.00010000000300533745,0.001041002694880916
547.078725,0.00010000304950565287,0.00030843993137874917
547.263436,9.999999950335985e-05,0.0006151966308615072
547.263605,0.00010000000001830599,0.0005629715121772741
547.299167,0.00010000238166954717,0.0009837976516273524
547.527852,9.999999915060558e-05,0.0007286585176988476
548.223158,0.00010000000129362273,0.0005896843184780088
548.294253,9.999999995366169e-05,0.0004441020953302943
548.311355,0.00010000006424178127,0.0005834983955824635
548.364188,0.00010001616022480052,0.0011043244919571257
548.540189,0.00010000031219158136,0.005369734875181229
549.243485,9.999999977157427e-05,0.000530786517251095
549.278422,0.00010000032618045885,0.0008124256102853329
549.543530,0.00010000005343608896,0.0017695189760402576
550.275136,0.00010000000079038457,0.0005800264942505839
550.329269,0.0001000006148466762,0.0006883689232743573
550.350429,0.00010000000032085171,0.0005295664120784759
551.259075,0.00010000000063809856,0.0005204434294930973
551.503471,0.00010000028011523342,0.003256610803973815
552.506817,0.00010000005805288203,0.0011891908856658056
554.309068,0.00010000000492294227,0.0005535852930643927
555.188567,0.00010000000008440937,0.0005282612597791585
555.232691,9.999999906153106e-05,0.0005251965415086164
557.163545,0.00010005463320718021,0.0015367816083741571
557.223514,0.00010000265172344474,0.0019387800656384376
557.248316,0.00010000000068199286,0.000484232947119403
557.263993,0.00010000000175389279,0.0007730062978117203
558.218352,0.00010000012714608558,0.0011960499301658393
558.235904,0.00010000000187634826,0.0007874590793995245
558.295609,0.00010000002435232713,0.0005460924320683358
559.238966,9.999999934316942e-05,0.0005682530301117944
559.263945,0.00010000000069890342,0.0004971408761248168
559.939862,0.0001000000035022152,0.00046280434100484663
560.311275,0.00010000000817990695,0.001961968166082927
561.279637,0.0001000000002644053,0.0005198853382513023
561.314673,0.00010000000875693183,0.0007480880187126247
561.524114,0.00010000001215747905,0.0007546543766191598
562.230700,0.00010000031902755305,0.0013587532991903915
562.238493,9.99999998147426e-05,0.000593514821749369
562.309499,0.00010000000049589941,0.00039995846868822073
562.326910,0.00010000004903985737,0.001270678360341447
563.233943,9.999999955659655e-05,0.0006941258639470075
563.265330,0.00010002079220749665,0.0010233440492712336
563.330309,0.00010000000199928778,0.0005577430162665556
564.248635,9.99999942283602e-05,0.006777682672639502
564.290577,9.99999991303045e-05,0.0005590293091316234
564.534981,9.999999914935272e-05,0.0007267401720872885
565.026343,0.00010000047724155692,0.0020534039338912288
565.053254,0.00010000005180504844,0.0002578417990996488
565.252016,0.0001000000381128271,0.001972811381699986
566.246820,0.00010000000304744315,0.0006490255802097322
566.264258,0.00010000000111791599,0.0005887528482303157
567.267774,0.00010000000041860728,0.0004306837990631114
568.279922,0.00010000044964938767,0.002055402917140631
569.204199,0.00010000000073496027,0.0005903382026847543
569.247891,9.999999924949963e-05,0.000492158060075976
569.283315,0.00010000002659715424,0.0007082744441974045
571.279698,9.999999841574524e-05,0.000791883796892023
572.332286,0.00010000000497894742,0.0005120390729388154
573.952675,0.00010000001064842094,0.0007432973966009834
574.238628,0.00010000000086456594,0.0005740322426187473
574.290425,9.999999953275874e-05,0.0005120561499162652
574.326876,0.00010000006533461019,0.0006011347969724941
575.148571,9.999999941535256e-05,0.00043343609341946047
575.294691,0.00010000000011636905,0.0005250706334828686
575.503374,0.00010000000116995152,0.0005897895204070729
576.254274,9.999999900589308e-05,0.0006736389465405457
576.290610,0.00010000000094402131,0.0005661498007659786
576.306180,9.999999974713764e-05,0.0005797780828554145
576.571403,0.00010000000134524312,0.0006830849438475394
577.053150,0.00010000002090777735,0.00023272927477523201
577.371115,0.00010001344576407374,0.0011666194299956242
577.519015,9.999998252532942e-05,0.0044293648569229665
578.374633,0.00010000013169750885,0.0005465410177709589
578.381595,9.999999970306836e-05,0.0004886585625280783
578.522346,0.0001000000078857696,0.0016148375189376882
579.207926,0.00010000000428616628,0.0012241600517970122
580.202673,9.999999870597495e-05,0.0007349396030308258
580.538036,0.00010000000076838048,0.0005530957578165039
581.027636,0.00010000177537705166,0.0008303738208419805
581.048122,0.00010000021456170802,0.00032296401831600406
581.084525,0.00010000003763929726,0.00027550104776361125
581.204641,0.00010000000018679254,0.0005267517324072771
582.295614,0.0001000030729784078,0.0013257852263917503
583.219943,9.999999956401302e-05,0.0005417421551500642
583.299069,0.00010000013635394305,0.0005322320151698476
585.254759,0.00010000018787820847,0.0010884029570194143
585.295302,0.00010000000148947371,0.000866725379262223
586.249666,0.00010000000122530156,0.0006857420006773568
587.233949,0.00010000001044880068,0.0009790864032664906
587.539730,0.00010000001161938711,0.0008996690266118934
588.254264,9.999999930724739e-05,0.0005610796732599627
588.306155,0.00010000000698895749,0.0012523513600813266
589.249432,0.00010000000048045452,0.000568308815988549
589.309677,9.999999942706924e-05,0.0006090728457239392
589.555394,0.00010000006040949647,0.0009869537280920125
590.558772,0.00010000000326825781,0.0005135227528197499
591.068833,0.00010000006501110379,0.0003081877469034815
591.265219,0.00010000000013767734,0.0006456802972955616
591.386857,0.0001001055723715442,0.002793161171787561
592.243525,0.00010000000084152534,0.0010915123817977878
592.390305,0.00010001690310347674,0.001197921108097924
593.245111,0.00010000000063883273,0.0004744435525837639
595.011029,0.00010000000050743756,0.00041186159643356017
595.219899,0.00010000000051893307,0.000518799629413856
597.235567,0.00010000000063532815,0.000555143477343403
597.295285,9.999999936811692e-05,0.00046968563674872207
600.506709,9.999999877821973e-05,0.0006069073719425266
601.947610,0.00010000002815785682,0.0007410605483437195
602.244803,0.00010000259544648732,0.001173079304001061
602.321794,9.99999976539882e-05,0.0006980911456759785
602.502079,0.00010000001437753762,0.0006558350246756654
602.587020,0.00010000007138576591,0.0013507188167891566
603.143411,0.0001000000006270045,0.00046446819882647167
603.265140,0.00010000000107294485,0.0005980240137615329
603.325306,0.00010000000070067498,0.0005037704969229851
603.505367,0.00010000000054322476,0.00043491862413211194
603.534652,0.0001000000461339531,0.0013623798745000155
604.285629,0.00010000000102808296,0.000615048344484938
604.321555,9.999999921816753e-05,0.0005231728646759121
604.506565,0.00010000000128209968,0.0013145365184889478
604.537992,0.00010000000737826174,0.0006307814680863369
604.602675,0.00010000001828556043,0.0011276079127183942
605.167794,9.999999935052584e-05,0.0005167336939159608
605.205986,0.00010000000058219004,0.00050350077718726
605.280800,0.00010000000077139478,0.0006398037799917815
605.509921,9.999999858047321e-05,0.000815576638413745
606.264747,0.00010000000201572086,0.0005583025058564576
606.295512,0.0001000012503011536,0.0010002090762600425
606.412888,0.00010000000054145888,0.0005289851219761169
606.553625,0.00010000219927843973,0.001318131111734125
607.239177,9.999999852135906e-05,0.0008287451269502322
607.298412,0.00010000000458902944,0.0004950067538825193
607.508404,0.00010000000158149877,0.0007817092860636414
608.233879,0.00010000000055937558,0.0005568907377508757
609.079368,0.00010000028300993495,0.00032717431978955465
609.235603,9.999999959112414e-05,0.0005870064013363086
610.238601,0.00010000000044416125,0.0005191694839027194
611.310828,9.99999993723125e-05,0.0004998707362498343
611.539650,9.999999894711432e-05,0.000633559125654332
612.996926,0.000100000000422689,0.00038259594085581926
613.249598,9.999999964685165e-05,0.0005418945430326103
614.321754,0.00010000000111827055,0.0006467797139115503
615.325161,9.999999929983768e-05,0.0004573878777307454
615.570959,0.00010000001563683589,0.0005353512131090979
616.337405,9.999999955296498e-05,0.0007634180502313147
617.280726,9.99999992365086e-05,0.0005689338967097946
617.340847,9.999999943536037e-05,0.0005080333255186361
617.586684,0.00010000001356174189,0.0005541295059654502
618.301182,9.999999989397361e-05,0.0005978525547924869
618.316790,0.0001000000029113806,0.0005829034883385462
618.337676,9.999999944689177e-05,0.0005645147219708298
618.581933,0.00010000000161129556,0.0008802171332901628
619.260133,9.99999995010806e-05,0.0005570835742714354
619.296399,9.999999880396944e-05,0.0005895371795393861
620.280592,0.00010000000097952803,0.0005416436329734699
620.428550,9.999999973050171e-05,0.0005040161653547424
620.597541,0.00010000194518685307,0.0037804536595823293
621.275621,0.00010000000115366322,0.0006642780879557805
621.397434,0.00010000682627269056,0.0010457343314583703
622.613163,9.999999991914513e-05,0.0007981530830639502
622.999034,0.00010000001887559932,0.0005392419907556934
623.251085,9.999999922247005e-05,0.000542817722671038
623.503285,0.00010000022698657651,0.0019448491498094461
624.506669,0.00010000000441057326,0.000997571779643658
625.518909,0.00010000000093021422,0.0009370647798608143
626.170269,0.0001000001691970502,0.0013593986485792933
627.265158,0.00010000000033498066,0.0005165589835187984
627.342164,9.999999971710745e-05,0.0006287616864468913
628.337437,9.99999997203191e-05,0.0005427958571556909
628.394764,0.00010000000046904516,0.0005067182062897612
628.537947,0.00010000004990577899,0.0021279516755747623
628.602656,0.00010000000469518595,0.0009226796868863264
629.280811,0.00010000000036194452,0.0005327872918573803
629.321481,0.00010000005512822644,0.001967813697925535
629.341810,0.00010000021006055127,0.0006255859023595085
629.521039,0.00010000000077408561,0.0004447587714879836
630.077296,9.986515116897954e-05,0.0002813599614086629
630.199493,9.999999752437722e-05,0.0012351555404544294
630.353061,9.999999955896976e-05,0.000740949544684645
630.618257,0.00010001124024265875,0.004810971066191717
631.183469,0.0001000000001949231,0.0004743312945959928
631.260080,0.00010000000033175604,0.0006261136386625563
631.296370,9.999999983199812e-05,0.0005902139666037653
631.356511,0.00010000000055813017,0.0005083943663843248
631.536750,9.999999965881932e-05,0.0004779414284747598
632.316889,9.999999966320408e-05,0.000551475609332886
632.332315,0.00010000000291662974,0.0006261867854241595
632.355683,0.00010000000134120405,0.0006514855598600726
632.633929,0.00010000036337994485,0.0019130093180442674
633.079241,0.00010000001394634772,0.00029130057089530074
633.275679,9.999999888702532e-05,0.0005966092242655135
633.312129,9.99999996491872e-05,0.0005801091192319447
633.485418,9.999999932985739e-05,0.0005948873319117658
634.584980,0.00010000003601154787,0.000549354418526933
634.613206,0.00010000000714135239,0.0011922804191417267
635.141180,0.00010000015625086074,0.0009914250903659703
635.413086,0.00010009034959039985,0.0023289000322974686
635.539708,0.00010000000032005945,0.000807355203997943
636.314196,0.00010000000156452568,0.0004996738699409257
636.416500,0.00010002247658793959,0.0010966596341877638
636.543069,9.999999973300052e-05,0.0005258354047510427
637.555419,9.999999959378227e-05,0.0004404978357480172
638.306505,0.0001000004882482151,0.0005721134628047843
639.166607,0.00010005096139719632,0.0008188300082228778
640.184733,0.00010000000090479455,0.0005901573284847899
640.623698,0.00010000000056490555,0.0013022843794161108
641.261865,9.999999927496176e-05,0.0005510502508556318
641.357845,9.999999983644061e-05,0.000525251016450861
641.383656,9.999999809079079e-05,0.0006735284445879107
642.353056,0.00010000000067119119,0.0005081338439629329
642.410586,0.00010000010991187152,0.000515514333027455
643.260148,0.00010000000035636623,0.0005606078785726354
644.368678,0.00010000000269911199,0.0007997306571818339
645.275793,9.99999993788328e-05,0.0005489202110921333
645.316416,9.999999855782288e-05,0.0008534577456563523
645.372060,0.00010000000008903837,0.0005098672155046732
646.348038,0.00010000000343668468,0.0004620785444661711
646.613192,0.00010000018960030939,0.0020131830357457414
647.291343,9.999999897477557e-05,0.0005955814402824409
648.628816,0.00010000190258761361,0.004055887725015994
649.306964,0.00010000000030724605,0.0005693182363486338
649.518850,0.00010000000125776519,0.0007551022101940897
650.439267,0.00010000001019003414,0.0022293637934056253
650.522260,9.999999936893192e-05,0.0004971003592507233
650.644457,0.000100000005009313,0.0007805408715065835
651.200983,9.999999938000341e-05,0.000515987416664044
651.282480,0.00010000000071472242,0.0005469639910666252
651.442638,9.999999982279269e-05,0.000841201462653177
651.534596,0.00010000007423553659,0.006065485933258145
652.537955,0.00010000005305635252,0.0026879749213114786
653.111578,9.999999788172407e-05,0.0006916112224929034
653.280859,0.00010000000065245916,0.0005500943681101696
654.522016,0.0001000000014041441,0.0007707459641929317
655.099640,0.00010000000664643501,0.00017638479552690672
656.368733,9.999999913113831e-05,0.0005743054014865263
657.275744,9.999999910244162e-05,0.0005910977644356819
657.352666,0.00010000053915351057,0.0011652140218109588
657.372974,0.00010000000012940325,0.00035149130020534653
658.356220,0.0001000000016074906,0.000691814580546463
658.371230,0.0001000000035141946,0.0005273096606391847
658.384340,9.999999971403968e-05,0.0007439477866923163
659.291368,9.999999967652e-05,0.0005718697272592252
660.289488,0.00010000008260354367,0.0005338965702109086
660.363701,0.00010000000263657536,0.0005730354049122898
660.387042,9.999999957449069e-05,0.0004579465016692679
660.400067,0.00010000000522734749,0.0007467675074605269
661.074325,0.00010000002793513358,0.00021792548493460915
661.307318,9.999999890443432e-05,0.0006286530636678824
661.516796,0.0001000000006683302,0.0006814526047660692
662.309037,0.00010000000119781865,0.0007025455251805098
663.086521,0.00010000000626963008,0.0005496702422426149
663.322649,0.00010000000062679453,0.0005746605772730832
665.423579,0.00010000409638638624,0.0008714792943628762
666.426735,0.0001000000051565872,0.00045247511605931204
666.434119,0.0001000000020023408,0.0008725199087721534
667.277502,0.00010000000096069064,0.0005688564511716097
667.373487,0.0001000000007274088,0.0004998688514932363
669.389119,0.00010000000007946808,0.0004428493314601359
670.311754,0.00010000005212663278,0.0005615600524477975
671.178822,0.00010000001907168303,0.0004226078025302266
672.400048,9.999999974987501e-05,0.0006540641756309465
673.306903,9.999999991688772e-05,0.000581770530300223
674.970173,0.00010000000120489478,0.0005364906306162472
675.322723,0.00010000000010963435,0.0005855125301958012
676.140873,9.997109420302538e-05,0.0003352793231968015
677.144235,0.0001000000700752222,0.000238924388065629
677.266777,9.999999899867609e-05,0.0006101396577578815
678.470477,9.999999788840281e-05,0.001460233255303059
679.439184,0.00010005664149178777,0.001901042195440892
680.442391,0.00010000541684311519,0.0009297219306971924
681.087494,9.950949475350582e-05,0.0007465167992526719
682.457099,0.00010000626000531878,0.0026399949447554498
683.460571,0.00010001607516946511,0.0013554267249340853
683.500763,9.999999923368686e-05,0.0005332212206385254
684.290620,0.0001000001110062137,0.0005939093393543361
684.399980,9.999999937356448e-05,0.0005494822528831738
684.556018,9.999999893889582e-05,0.0006029345797161995
685.420373,0.00010000000053814988,0.0005563862323734953
686.415586,0.00010000000022165408,0.0006074132876540882
687.298211,0.00010000002239498215,0.00037023645841989376
687.322537,0.00010000000008590506,0.0005567129247142713
687.436024,0.00010000000151760552,0.0006971981923919031
688.394949,0.00010000029253333236,0.0036986140387562758
688.431240,0.00010000000109168595,0.0005206683655451287
689.338378,0.00010000000065105903,0.0006035634724599934
693.064337,9.986234626350028e-05,0.00044519998961911747
695.178596,0.00010000000166641769,0.0005040899824881663
695.441170,9.999999937879763e-05,0.00044724199083897534
695.517919,0.00010000065812180395,0.001009154285063593
696.444625,9.99999994403443e-05,0.0005327758957764777
698.415591,0.00010000000028514072,0.0005748479829701489
699.250000,9.999999968878344e-05,0.0004852250215507908
699.484368,0.00010000000510794646,0.0006263763933859665
700.431232,9.999999963206135e-05,0.0005679223049424016
701.451700,0.00010000000028729898,0.000498480762298165
702.543149,0.00010000079429921911,0.002823993948435252
703.227923,9.99999997061054e-05,0.0004321853159392247
703.546486,0.00010000000001430581,0.0011917782789898457
704.389883,0.00010000010296382767,0.001683557704644697
705.298532,0.00010000000055134501,0.0005320494211128903
705.393230,9.999999815487196e-05,0.0007496423082464439
706.454884,9.999999918627466e-05,0.0005080929128763851
707.043438,9.999975237503493e-05,0.00030269239954352486
708.472888,0.0001000002353906661,0.001012465424752745
709.059171,9.970662028351548e-05,0.0004101148503945068
709.418635,0.00010000000140032742,0.0011458642222797579
709.449804,0.0001000013293656941,0.0006860130081445096
709.476423,0.0001000000061761834,0.0005117764245701781
710.453046,0.00010000000615439319,0.00037041504949577876
710.488476,0.0007932759323640188,0.009096276189931491
711.491880,0.00010000050687552132,0.0036376408449387532
712.439570,0.0001000000020943259,0.000737344419229355
712.495236,0.00010000002668656434,0.0008205533708764059
712.504123,0.00010000000017988358,0.00043335916686763307
713.451739,0.0024398382197547658,0.02313380410830802
713.490002,9.9999999464342e-05,0.00047281618196520634
714.220543,0.00010000002967976431,0.0013359297793005711
714.455086,0.0008010094662165842,0.008846611111885361
715.223928,0.00010000000152300387,0.0006516311573164346
715.458386,0.00010000002018771603,0.0015142760949020324
716.426315,0.00010000014489092244,0.0024001827472489284
716.453162,9.999999891074235e-05,0.0006013373757789893
717.127957,9.988603854376146e-05,0.000667582521115293
717.429716,0.00010000002002763392,0.0009220761342799597
720.553659,0.00010000004431003098,0.0036190284929710254
721.557033,9.999999633412225e-05,0.001398995587573351
723.250004,0.0001000000007444494,0.0007070469610132018
723.465346,0.00010003370131307967,0.001512979348536604
723.493456,0.00010000001332324464,0.004982233038281
724.468551,0.00010000147755315103,0.0007534733149151085
725.488271,0.00010000000081797139,0.0005264305566135812
725.509133,0.00010000009257262507,0.0010379449689168702
725.530176,0.0001000000023160655,0.0008920258399581204
726.395520,0.00010000000040060622,0.0012426023372763696
726.447053,0.00010000000066835489,0.0006106795602145141
726.587817,9.999999660956946e-05,0.0011078868793521722
729.523403,0.00010000000050700057,0.00037056345872510626
729.562192,9.999999826924021e-05,0.0015972906377023312
730.593809,0.00010000000230582356,0.0007277747162318295
731.578073,0.00010000000241525141,0.0015823784463333292
732.421286,0.00010000005508608607,0.0011533818197412562
732.553783,0.00010000004298163114,0.004641427423285228
732.609640,0.00010000060039273851,0.006366018873072765
733.424927,0.00010000000578904293,0.0004945355696796069
733.557283,0.0001000000104777864,0.0018812232459971799
733.612753,0.00010000004058241882,0.0011786119471191886
734.569413,0.003243548397522187,0.07112152174604797
735.433933,0.00010000002071869478,0.0023830158213910373
735.572826,0.0014065347115573125,0.029478457557817177
736.437192,0.0001000000063846904,0.0012379479406311588
736.575988,0.0001000002667850653,0.005277149457814585
737.451660,0.00010000000733449107,0.0014984864343713215
738.455103,0.00010000000206310837,0.0007059030577213694
738.491676,0.0001000000316414622,0.0009671593673574502
739.060614,9.912262538886184e-05,0.00031437628770231244
739.223948,0.00010000001605759664,0.0010832586400136904
739.407725,0.00010000000449433399,0.0012722659584020904
739.467329,0.0029293642394030194,0.028585166793330976
739.494642,0.00010000000061826021,0.0005916858053980282
739.523216,0.00010000001571445027,0.0005868840577502821
740.236446,0.0001000000003866199,0.00043207374841533236
740.470757,0.001378630873030833,0.011453505569148077
741.184029,9.999999993123607e-05,0.0005112418570611543
741.473883,0.00010000000657161628,0.0016493867310770926
741.482989,0.0007020665501205185,0.005105931055649336
741.502248,0.00010000000741235146,0.0010334734615531774
741.530795,0.00010000927547187896,0.0045103928516833005
742.251924,0.00010000000481395051,0.0009706805364970886
742.468805,9.999999907237003e-05,0.0007174203165294697
742.486383,9.999998532027565e-05,0.0020855527395757965
742.514534,9.999999981652126e-05,0.00048412737830598067
742.535332,0.00010000104709089349,0.0016374318696202523
743.079627,0.00010000002902195359,0.0002613060257917057
743.255150,9.999999899604194e-05,0.0005583267622557402
743.480997,0.00010000000050339652,0.0006555349926887513
743.538775,9.999999855760599e-05,0.0006818222341605176
744.457500,9.999999978777678e-05,0.0004513386261243073
744.493893,0.00010000000682666187,0.0015956585712816852
745.456820,0.00010000000053384968,0.00044359487982044085
745.477595,0.00010000073896627252,0.0013692718658913476
745.497359,9.99999980106849e-05,0.000701804635481055
746.481119,0.00010000012465755785,0.0007138213635200733
746.569414,9.999997390752136e-05,0.008108958261192612
746.605655,0.00010000000222756509,0.0009405414059105299
748.548688,9.999999942344724e-05,0.0004970180524367832
748.584987,0.0001000000993459756,0.005032368467575
749.392149,9.999999890796341e-05,0.0007207133933082166
749.448678,9.999999940440772e-05,0.0009851621867559529
749.509170,0.00010000000089229593,0.0005965571313403988
750.452410,9.999999972693496e-05,0.0005583754504979809
750.585227,0.00010000001062070728,0.0009738235864214022
751.524844,0.00010000006216840808,0.0012385179975979992
752.507543,9.999999986506625e-05,0.0005242096403759884
752.575721,0.00010000000240300041,0.0005836509096706049
752.606706,9.933277652007757e-05,0.0004606115065763651
753.405707,0.00010000000300370019,0.0011885194348679204
753.423493,0.00010000000068584508,0.0007614500323600759
753.475800,0.00010000010261582249,0.0004901816220947594
753.561919,0.00010000000306911541,0.0013810549281146759
754.408782,9.999999931875766e-05,0.0005673481718812502
754.622302,9.897204291693627e-05,0.0013300554480082552
755.462455,9.99999997486321e-05,0.0008167307004380897
755.538412,0.00010000000813716444,0.000845533627166466
755.546756,9.999999862925517e-05,0.00102930005894521
756.494045,0.00010000000735171711,0.0021393448434677484
756.590079,0.00010000000783660679,0.0019674062325328616
757.497489,0.0001000000028924608,0.0010703704748420576
757.554738,0.0001000000171728837,0.012123781928788423
757.593542,9.999999651257966e-05,0.0010247913093665863
758.509703,0.00010000000236446181,0.0027648684601045866
758.546237,9.999999913878855e-05,0.000710581814476776
758.557904,0.0001000005663323711,0.0022783320986019245
758.605925,0.00010000001564327786,0.0016764815580520883
759.435978,0.0001000000011526038,0.0006548629669437507
759.512965,0.00010000000777584756,0.0011748837270782726
759.549702,9.99999999536258e-05,0.00047900293205886365
759.572824,9.999999872236947e-05,0.0013174926912502393
759.609288,0.0001000000006816717,0.001023173956091096
760.585008,0.0036044475450829902,0.08465313063625994
760.640742,0.00010000005933457842,0.0007318761370622793
761.588430,0.0018744249791914052,0.037152171276414465
762.454854,0.00010000004715399522,0.0023210287772963602
762.482729,0.00010000008319925359,0.001557383959967505
762.600715,0.0001000000103201189,0.014132834282338717
763.449173,0.00010000000059392678,0.0004955718830111076
763.466601,9.999999843613373e-05,0.001448356692350818
763.486467,0.00010000000124856721,0.0008052532672336155
764.607332,0.00010000000141471893,0.0012158966834801808
765.423243,0.0001000000020815148,0.0018351810683580466
765.483172,0.00010000000305552006,0.0017795014129059422
765.525664,0.00010000006457323012,0.0033168638366947688
766.486571,9.999999981021803e-05,0.0009012150806926999
766.514720,0.00010000074769601306,0.0035153201841386637
766.580557,0.00010000013154038774,0.0007311372724813806
767.498948,9.99999541202404e-05,0.007068519547002963
767.518128,0.00010000000274908874,0.0013985567748499696
767.546710,0.00010000089801092752,0.003197475180819062
768.502393,0.00010000001978703397,0.002676966554460903
768.530366,0.00010000103975400329,0.003372660480206818
768.587629,9.999999940783946e-05,0.0006948914089265652
769.457022,0.00010000000065990352,0.0005696412518590552
769.505732,0.00010000000489436672,0.0008547227005638243
769.562128,0.0010198701813800759,0.03249639031960244
770.526681,9.999999948521738e-05,0.0005846500516931948
770.546286,9.999999999244417e-05,0.0005186197288540469
770.565568,0.00010000053099680011,0.014199830345425995
771.569137,0.00010000010141605849,0.0022890643068742564
772.563108,9.999999691606951e-05,0.001037979033819043
773.391558,9.99999997633407e-05,0.0008972776429052129
773.509366,0.0001000000273764946,0.0013770357227313567
773.588111,9.999999921689762e-05,0.000870938197849106
774.523250,0.00010000005706028967,0.004920663827492756
774.532020,0.000100000175976785,0.007896166026271715
774.600517,9.999997298652162e-05,0.007182130603547155
775.525848,0.00010000001830993685,0.0022379594208682975
775.535186,9.999999832259931e-05,0.0011101006604755156
776.580172,9.999999801615182e-05,0.0009919850126386609
776.616349,0.00010000000003055556,0.001050566846838697
777.423214,9.999999893594121e-05,0.007023167543341381
778.454917,0.00010000022155266424,0.0024286850620716
779.421272,9.999999789800154e-05,0.0009324557207437359
779.438933,0.00010000006650393214,0.004835932328171004
779.481146,0.0001000000024299989,0.0010969892144531864
779.564368,9.999999874679137e-05,0.0005806001933446316
779.577253,0.00010000000079988416,0.0009912941388590156
780.538873,9.999999911461179e-05,0.00055805380014965
780.567218,9.99999994116016e-05,0.0004853377919000677
780.635018,0.00010000000525683786,0.0005140077936952298
781.436835,0.00010000000145677791,0.0007368117544177862
781.446031,9.999999920878962e-05,0.0005791531335544167
781.593254,0.00010000000080120133,0.0009819166055488606
782.555146,0.00010000001912169673,0.0023417256076184805
782.567078,0.0037479936521962313,0.04189207234632607
782.622616,0.00010000010556163591,0.000679817015524303
782.650382,0.00010000302636294436,0.007231193187641134
783.434470,9.999999879870415e-05,0.0007276910915238374
783.570482,0.0017994657155032264,0.018560570764766252
783.653913,0.00010000062605511544,0.0020750437118018518
784.525292,9.999999186585516e-05,0.004809836467323467
784.561467,0.00010000000209451436,0.0015621356017935658
784.644849,9.999999927875659e-05,0.0007094491526028769
785.451652,9.999999519098125e-05,0.0038504611969987453
785.564908,0.00010000000222738141,0.0007763146505389862
786.455230,0.00010000003626022158,0.0020373213488995745
786.483302,0.0001000003711885577,0.004328522630883501
786.577704,0.00010000000070732407,0.0005370034900551246
787.458276,0.0001000000015815597,0.0006120804052082827
787.467499,0.00010000002286862775,0.0025810600285391676
787.487102,0.00010000003875269257,0.001956186180191003
787.507619,0.00010000002473412243,0.0010146817437244283
787.544315,9.999999874886953e-05,0.0006554802462047816
787.604119,9.999999789809852e-05,0.002440774227177214
788.470942,9.999999778467104e-05,0.00118746625574075
788.498910,0.00010000000170517726,0.0016268243009012944
788.672200,0.00010001078591765447,0.0010063280560191695
789.466020,9.999999990729291e-05,0.00044038111691566226
789.483073,0.00010000012408808397,0.004579202958310476
789.502142,0.00010000000068619413,0.000846598540786348
789.523371,0.00010000000147701524,0.0006905183280796816
789.619799,0.00010000005272187376,0.011275899752182015
790.486506,0.00010000001496328321,0.0019600282581545797
790.622952,0.00010000002323187113,0.002183589871423531
791.299850,0.0001000000566840633,0.0006638952233282637
791.489658,9.999999925060044e-05,0.0005896686115783601
791.518069,0.00010000000264700363,0.0012949990048706276
791.539407,0.00010000012804879664,0.0031102904266019564
792.530596,9.999999870533172e-05,0.0006688178287343995
793.188893,0.00010006735272911529,0.0015360402200722584
793.454593,0.00010000000084363708,0.0006833215764439768
793.514455,0.00010000001904134747,0.0007068096414923103
793.557201,0.00010000023132743485,0.015369350061272519
793.674658,0.00010000059790095946,0.0026737063465435518
794.560183,0.00010000003231362091,0.0024045982557209366
794.569735,0.00010000000745675736,0.0017161976861890381
794.591018,0.00010000000290750601,0.0007248387685441512
794.611804,0.00010000016411735769,0.0009094918843711647
794.687034,0.00010000021081235716,0.002165927670706996
795.453438,9.99999964928264e-05,0.001126549257194784
795.538852,9.999999598745218e-05,0.000961459344420997
795.549464,0.0001000000048408689,0.0007361181413963241
795.574773,0.00010000199570112552,0.0012793150984194842
795.710608,0.0001000000253737315,0.0007214333830681558
796.525363,0.00010000003186876436,0.005350579959226138
796.542028,0.00010000000111109389,0.0005854830350526233
797.150374,0.00010000000004915295,0.0004738369970818343
797.392118,9.999999730257847e-05,0.0011731045586478653
797.469134,9.99999980962005e-05,0.0010169383937187087
797.528819,9.999999000286112e-05,0.0022597081226582295
797.554182,0.00010000000008119895,0.0007148500453696357
797.565160,0.00010000000376354555,0.000679135991569027
797.587517,0.00010000001780457389,0.0011459834727662243
797.593647,0.00010000053781704104,0.002050385837387598
797.669637,9.999999720010701e-05,0.0009428784088390608
797.726263,0.00010000001044397592,0.0006585867225050088
798.596246,0.00010000000169917886,0.0012142008725408752
800.439418,9.999999714485592e-05,0.0013055368213625836
800.460854,0.00010000000158848589,0.000763680500825807
800.483681,9.999999922255461e-05,0.0005383518417322001
800.556439,9.999988670646275e-05,0.018626165549485298
800.660773,0.00010000002036832448,0.002619489276366752
801.423165,0.00010000000678329726,0.0024339068731101775
801.541731,0.00010000000266755839,0.0026056489685083073
801.550688,0.00010000000340346308,0.0011826153582092504
801.559766,0.00010000005929800783,0.00834927596114185
801.664290,0.00010000000586738133,0.0016443658736510541
802.426309,9.999999779665345e-05,0.0009131787636199608
802.478167,9.999999917224232e-05,0.007226958513020747
802.545060,9.999999826787527e-05,0.0008121705263391221
802.563662,9.999999295496555e-05,0.00162220824849917
802.631909,0.00010000000076542728,0.0014445491233105294
803.420666,0.00010000000078848457,0.0005073398018276684
803.438946,0.00010000000125979574,0.0007846118034476486
803.557600,9.999999943710209e-05,0.0006266371201378878
804.470460,0.00010000028124656772,0.003474480526502675
804.515046,0.00010000000031860355,0.0015223805195521609
805.454487,0.0001000000162180056,0.001988676528774524
805.496884,9.999999574206059e-05,0.0013199822128776503
805.518365,9.999999853093292e-05,0.000798111282601531
805.554502,0.0001000010526539036,0.0024364082856787356
806.509342,9.999998934210618e-05,0.019052738133338947
806.647903,0.00010000120951336551,0.001465772203084787
807.489654,0.0001000000109941963,0.001310874582473088
807.512778,9.999996688072298e-05,0.0078049756555972705
807.633871,0.00010000009639393516,0.0010844739808816594
808.465174,0.00010000000385093502,0.001251875314760688
808.570151,0.0001000000356248718,0.0015090489084887179
808.573045,0.00010000004092569655,0.0013393699916337755
808.637420,0.00010000239175950637,0.0006759292761445899
808.665916,0.00010000034037974032,0.0033067768956016575
808.771248,9.950466875109477e-05,0.00017306448993210886
809.162735,0.00010016728850430277,0.005668632011784639
809.449463,0.00010000004863462221,0.002100626356352092
809.469334,9.999999987024095e-05,0.0007459124726211124
809.650753,0.0001000186581608714,0.001953813721049898
809.669147,0.00010000020252210628,0.0019080874871588785
810.481270,9.999999893855583e-05,0.0006200606518506104
810.586304,0.00010000165523350548,0.0023064807470765084
810.653983,0.00010003275031838824,0.0008387664888560326
811.467041,0.00010000001229566276,0.00099722125114135
811.517984,0.00010000278033768977,0.0009183573027312054
811.544298,9.999999905506619e-05,0.0006457944848747737
811.602249,0.00010000017960640397,0.006896871003632686
811.685190,0.00010000106844135344,0.004861135947986152
812.498428,0.0001000000028989303,0.001658201332309157
812.556530,0.00010000001142654579,0.0018439979394828188
812.592569,0.00010000000160239459,0.0007050791688202678
813.522585,0.00010000000211218698,0.0009592622608606187
813.544847,0.00010000000331682501,0.0005954326031411458
813.559849,0.00010000000941754799,0.0009779834243109954
813.684243,0.0001000053761522645,0.003808039812701853
813.700894,0.00010000000283937882,0.001061981895682337
814.486611,0.0001000001797865482,0.0016810907854312945
814.514684,0.00010000017283462436,0.004961898800130499
814.555965,9.999999790367487e-05,0.0008521934740253279
814.687735,0.0001000014744062117,0.0021140837458772446
815.489759,0.00010000000864482843,0.00055803541817844
815.499304,9.999999959377925e-05,0.0005413770131655094
815.518091,0.00010000008585930936,0.0024605135742903042
815.539001,0.00010000016160773691,0.0034682275993921743
815.635723,9.99999980749281e-05,0.0007695477907772693
816.541869,9.999999900183587e-05,0.0008496077802628088
817.437536,0.00010000000240683378,0.0008305025552438216
817.533744,0.00010000000102110774,0.0006220665301309504
817.651446,0.00010000000425732623,0.0009499147908059697
818.590628,0.0001000000004650711,0.0006031410981457968
819.513275,9.99999998186568e-05,0.0005378607273455706
819.549299,9.999999893903989e-05,0.0006192597224628461
819.633465,9.999999738895737e-05,0.0013656555869075893
819.658633,0.00010000001111047698,0.00209741551644237
820.465641,9.99999971601873e-05,0.003071739896459299
820.561519,9.999999845613818e-05,0.0006000083814791036
820.585042,9.99999971381269e-05,0.0010804208380630284
820.606336,0.00010000583324351481,0.0023498485045014015
820.627223,0.00010000000284136407,0.0009472706638518832
820.662439,9.9999998442057e-05,0.0009108621964542411
821.528703,0.00010000074839851913,0.010151643297269095
821.609794,0.00010000020163529564,0.0012167591252709301
821.630669,9.99999997896997e-05,0.0006856337358968838
821.649156,0.00010000000272685816,0.0009857891939132374
821.666418,9.999999923425121e-05,0.0005076954994236465
822.506674,0.00010000700852825927,0.003856662165060017
822.522927,0.0001000000065404492,0.0009694179426753146
822.541192,0.00010000000628225323,0.0015978370615268764
822.622222,0.00010001468730575674,0.004663699922551451
822.642878,0.00010001927002918452,0.006790776271627775
823.407624,0.00010000000296334899,0.0013997597290742287
823.452270,9.999999910575097e-05,0.0005227550741283092
823.544538,0.00010000000012587025,0.0009921085403548089
823.570272,9.999999939603113e-05,0.000538731568935093
823.625449,0.00010000406206575457,0.0024255905593635147
823.646324,0.00010000596611728417,0.0034196913190599944
823.741796,9.9978557670923e-05,0.0008664329937955332
824.439438,0.00010000039011084606,0.0034926426840920627
824.460378,0.00010000007398148006,0.002362273992795315
824.496970,9.999999950210645e-05,0.000591341046207547
824.556614,0.0004909505442631423,0.00864569388964919
824.601324,0.00010000000036070977,0.000705488683319882
824.616164,0.0001000000119029207,0.0009149894571818756
824.637838,0.00010000014046856423,0.0009667211961545395
824.659145,0.00010000010205281983,0.0012851031590523862
825.181684,9.999999996416315e-05,0.000537689908486246
825.443439,0.00010000000593899854,0.001751487120869828
825.641097,0.00010000000634740787,0.0005942641313235334
825.662384,0.00010000003741517494,0.0007966940315889894
825.757776,0.00010000004637748622,0.0005258983219470558
826.455432,0.0001000000040073079,0.0012928205873835954
826.499487,0.00010000000489682556,0.0009412812081217588
826.572184,0.0012766118635307452,0.038110808704619886
826.760778,0.00010000000193088631,0.0005115115888657163
827.156647,9.99999998681445e-05,0.0005408149140570257
827.420945,0.00010000000033433514,0.0009088258772821332
827.458725,9.999999897763391e-05,0.0006718991842668704
827.479675,9.999999998808713e-05,0.000586238245586127
827.502760,0.00010000000047413975,0.0005370748713207769
827.575619,0.0006966950443608343,0.017604507085694898
827.601562,0.00010000000332250207,0.0015256696378910888
827.680054,0.0001000000031189623,0.0010460888659775442
828.424471,9.999999929375757e-05,0.0005696578322490761
828.442517,9.999999870131024e-05,0.0006800989835550223
828.470904,0.00010000001044852623,0.0023067186374740494
828.492369,9.999999207666624e-05,0.006453929266231681
828.515096,0.00010000349627394246,0.0026858977161909763
828.692271,0.00010000001125124954,0.0028199944745281908
829.473945,0.00010000000342798018,0.0010836275372170477
829.474868,9.999999860750082e-05,0.0009289819401387141
829.495804,0.00010000001252995786,0.002673034081567178
829.518426,0.00010000021853294903,0.0013711359247290213
829.554838,0.00010000041616984855,0.0020356045363281545
829.573192,0.00010000000768921835,0.0007145301981144059
829.582633,0.00010000000000078116,0.0007249456928294615
829.695754,9.999999370534429e-05,0.0016619914157631045
830.509578,0.00010000001512555733,0.020503557657662694
830.530539,0.00010000000800316015,0.0018025121618739071
830.567086,0.00010000020267571385,0.0016988873620306384
830.576974,0.0001000000006429537,0.0004878802075288479
831.434156,0.0001000005597645693,0.001095532856707373
831.513002,9.99999664027119e-05,0.009535938821648446
831.534000,9.999999859495282e-05,0.0009956664218404325
832.507097,0.00010000000360720144,0.0010019274538585607
833.485866,0.00010000000033873393,0.000596060117666573
833.510737,9.999999982095185e-05,0.0007287142844632398
833.528742,9.999999832148553e-05,0.0009174998899877703
833.586204,0.00010000015729975064,0.0027360829766219287
833.629776,0.00010000000002710357,0.00020701691430916004
834.540804,9.999998849672758e-05,0.0023477925486364067
834.589222,0.00010000000393227333,0.0007460681907774567
834.652886,9.999999863939531e-05,0.0007859878769316847
835.520994,0.00010000000379163667,0.0006913480901473442
835.544184,0.0001000000058409637,0.0012460553422247158
835.604029,0.00010000026033225551,0.0030512221244839515
835.625450,0.00010000000125087168,0.0005885955937707565
835.682648,0.00010000117698834199,0.001530799768299401
836.496635,0.00010000001586579731,0.001288437733406954
836.637639,0.00010000076478286756,0.0016558628441138096
836.669618,0.0001000122095442791,0.0014769258395993703
836.802490,0.0001000014510689758,0.0006791956673377936
837.467887,0.0001000000007543945,0.0005060056910205699
837.604691,0.00010000022806080695,0.0015523490508827361
837.624206,0.00010000000251946191,0.0006492524611143399
837.640988,0.0001000000102632911,0.000922311540655099
837.661619,0.00010000003165161479,0.0009156150979359003
837.669718,0.00010000032067893995,0.0009767556257137787
838.616824,0.00010003330530648265,0.022757612482072094
839.620232,0.0001000242937962657,0.012222175538801765
839.638896,0.00010000001225702166,0.0006255325911295882
840.434091,0.00010000005441020947,0.007451241167412513
840.614377,0.00010000001047913091,0.0011379146581781154
840.632891,0.00010000707676252455,0.0042558763141374014
841.617810,0.00010000000048887942,0.001004319994040277
841.636119,0.00010000126146284758,0.002304735273113052
842.431917,9.999999861651922e-05,0.0007744445184121497
842.450062,9.999998975282098e-05,0.00246841122173532
842.509565,0.00010000000105719301,0.000587804180646051
842.589600,9.999999971045659e-05,0.0007532534564956781
842.620927,0.00010000000048194382,0.0006127538150998261
842.639540,9.999999942844467e-05,0.0006590244682159937
843.453273,9.999999676938703e-05,0.001313249719835833
843.513577,9.999999980391995e-05,0.0004430651906520866
843.635018,0.00010000225274613436,0.001109645125663184
844.489627,0.00010000002763498336,0.0010548093785157663
844.525236,9.9999966135641e-05,0.01673697607825128
845.468937,0.0001000000316577926,0.008429802879190639
845.528672,9.999998576039516e-05,0.007926880824884299
845.674091,0.00010000001533448695,0.0026193102850865183
846.463083,0.00010000000226658153,0.0016462918557517445
846.523272,0.00010000000909596715,0.0012248932417607999
846.541270,0.00010000026222245831,0.006595558102022634
846.677650,9.999999897504238e-05,0.0012714322262155277
847.406187,0.00010000000076962357,0.0006469883989022698
847.466741,9.999999788058809e-05,0.0008598982605470322
847.508129,0.00010000003693042013,0.0011843603688217821
847.526878,0.00010000000095901288,0.0006663512254035742
847.544416,0.00010000002564596057,0.003184706533236726
847.625381,0.00010000001136566559,0.0010426169020091706
847.664639,9.999999908877451e-05,0.0014883190188799214
848.556599,0.0007094938360577776,0.019470115852003436
848.637557,0.0001000387471312768,0.020690128141727257
848.658077,0.00010000510056792946,0.0032775971683945433
848.745042,0.00010000019193632043,0.0007708816913099608
849.559984,0.0001000000227501877,0.009363706004692215
849.640967,0.00010003230137458277,0.011679102762540378
849.757345,9.995386353524941e-05,0.001128804441823292
850.236679,9.99999985454216e-05,0.000594361424904875
850.454854,9.999999811647619e-05,0.001160000194399489
850.512280,0.00010000000126371723,0.0013266486704646102
850.538056,0.00010000248883765331,0.001393414365540921
850.553799,0.0001000000008743549,0.0009462484762129752
850.616879,0.00010000000369347484,0.0010115649687755985
850.653752,0.00010002451713903681,0.009145891047521457
851.575974,9.999999896498287e-05,0.0005631118585054727
851.602014,0.00010000000297456793,0.0019163010166579402
851.656570,0.00010001246519197262,0.005083641701758661
851.677278,0.0001000025592443924,0.003189646359537835
851.773075,9.993779419400051e-05,0.0009083312380499798
852.140811,9.971472806174689e-05,0.0007821083411473709
852.470849,0.00010000013203927148,0.004269754740637586
852.491497,0.00010000009855670607,0.008556901169699158
852.587719,0.00010000107467219895,0.0020071285881854656
852.632467,0.00010000752515482777,0.006220819582492868
852.659600,0.0001000000066753541,0.0010558463638510958
852.680417,0.00010000000168182705,0.0008604956732717187
852.690404,9.999999951985084e-05,0.0006125206350661088
853.144196,9.981747309975434e-05,0.0006067791388486414
853.494869,0.00010000002467273295,0.003496655817084991
853.591134,0.00010000024449781295,0.0012177060034716898
853.635943,0.00010000178979811637,0.0037300644148063043
853.655598,0.00010000190062785916,0.002088463217338369
853.672315,0.0001000000019723749,0.0006066833554627685
854.487069,0.00010000000206569404,0.0008931653265250364
854.603416,0.00010000317382320205,0.0025368422074537695
854.659085,0.00010000129218543833,0.0011921746316584695
855.471892,0.0001000000008739355,0.0006202402017995518
855.490227,9.999999915010749e-05,0.00060283734329688
855.544108,0.00010000038761529071,0.0006911602968404736
855.633372,0.00010000000287719657,0.0012592868644467302
856.283457,0.00010000000096589856,0.0007670655945645329
856.501787,0.00010000000180002655,0.0008783130662860176
856.546598,0.00010000001590410215,0.0005482201769427627
856.570330,0.00010000000201231718,0.0009282005783201751
856.636708,9.999999739191038e-05,0.0014241897932179427
857.492427,9.999999936113691e-05,0.00041696541849249943
857.526458,0.00010000000085010213,0.0006226510610427787
857.549919,0.00010000000004039303,0.00048217428563722723
857.585988,0.00010000088669470126,0.0016518022582210582
857.638147,0.00010000000186962296,0.0017620080617586336
858.540820,0.00010000000139746784,0.0005804046411081339
858.562027,9.999999883305303e-05,0.0007763086180374471
858.588701,0.00010000009920927929,0.0005754650875125205
858.598946,0.00010000000029741391,0.0005311160384141616
859.544270,0.00010000000050596798,0.000441989831219698
859.565474,9.999999876988791e-05,0.0007039349226010885
859.734467,9.999999272786742e-05,0.0017568258538991253
859.929423,9.999999888332836e-05,0.0005536956726343662
860.737807,9.999999607191938e-05,0.0013372694282158537
862.499438,9.99999994896446e-05,0.0005181261109266733
862.616935,0.00010000000334515683,0.001114606660037942
862.653240,9.999999836225683e-05,0.0006821959516259923
863.405471,0.000100000000571917,0.0005168581141006213
863.483523,9.999999972210008e-05,0.0005777375554557283
863.620411,9.999999822405805e-05,0.0007165712780169392
863.656889,9.999999991082111e-05,0.000528646977241914
863.684886,0.00010000000590729323,0.0014714887728781534
864.632521,0.00010002589979089791,0.01279309544004792
864.688463,9.999999732901155e-05,0.0009145840844393255
865.459295,0.00010000000198778924,0.0006915512519434507
865.606525,0.00010000000067539938,0.0005774609018471789
865.617773,0.00010000000278805117,0.0018167094333405274
865.636130,0.00010004138054719823,0.00520412742224071
866.590672,0.00010000000320117422,0.0009407361297941955
866.621306,0.00010000000404120914,0.001559287047808134
866.648228,0.00010002366446605919,0.021242691201643744
867.453397,9.999999607097932e-05,0.0010415601812878612
867.474360,0.00010000139955787533,0.0022982250476917274
867.622378,0.0001000002948633536,0.003247383784456402
867.633304,0.00010000000043753703,0.0006222678566393026
867.651478,0.00010001385020475269,0.012063303034495891
868.569865,9.999999671156768e-05,0.00117364120615887
868.625925,0.00010000013129696774,0.0016520991854402486
868.645490,9.999999560926974e-05,0.0010594652046336114
868.655085,0.00010000039326145746,0.002853337749284695
869.573471,0.00010000000048989196,0.0006923703051778944
869.628494,0.00010000000163144459,0.0007044349452343632
869.649307,0.00010000000055364878,0.0009109334118022756
869.667624,0.00010000000615514405,0.0009005886163663824
869.730040,9.999999718070937e-05,0.0011502477654046605
869.755143,9.999999412576974e-05,0.0016605249671018962
870.462896,9.999999431054726e-05,0.002189522545199299
870.540956,0.00010000000399150152,0.0028333216981135645
870.585434,0.0010664809219209904,0.014211063466374943
870.694484,0.00010000000157792864,0.0007873865888136765
871.544362,0.00010000001970294123,0.0015077655928162194
871.588864,0.0001000001773924883,0.007183245559912213
872.496705,0.00010000001036913321,0.0024680463425938715
872.522471,0.00010000055152109586,0.0010816675451176378
872.556604,0.00010000018224863261,0.012408194222234006
873.484964,9.999999919622633e-05,0.0005102552301084857
873.500063,0.00010000000275892336,0.0011643562297083167
873.559917,0.00010000013989445857,0.006252372643599016
873.594664,9.999999880285424e-05,0.0005746513928893255
873.705313,9.999999931164548e-05,0.0008550099362760645
873.724612,9.999999710868309e-05,0.0008483260385145409
874.478595,0.0001000000001383758,0.0005522016650788584
874.499357,0.00010000004604234064,0.007083810401243326
874.535933,9.999999999047953e-05,0.0004197782391324164
875.239925,0.000100000000371507,0.0005592798450897762
875.502707,0.00010000000413003391,0.0033531395801165887
875.557866,0.00010000000165675147,0.0005295214049804651
875.575863,0.0001000000010748603,0.0006444583070067319
876.079939,0.00010000000417994954,0.00023286017197092032
876.486712,0.00010000000022746844,0.0005587337641143025
876.515274,9.999999897773161e-05,0.0009363259275232936
876.587845,0.00010000001273605756,0.0012519170880505787
876.668815,9.999999896293348e-05,0.0005560096620899537
877.499385,0.00010000000140718239,0.0007509322626024607
877.518561,9.99999990849978e-05,0.0005996207457381722
877.591318,9.999999886410996e-05,0.0007657985421940076
878.648194,0.00010000000145665143,0.0006283368517573931
879.633397,9.999999916140814e-05,0.0016894583018831218
879.651643,9.999999953562098e-05,0.000489657798973961
880.507642,0.00010000021361373041,0.001070063546269938
880.546093,9.999999974373717e-05,0.0006332562416948823
880.618648,0.00010000005546953103,0.0009537844833776857
880.636851,0.00010000000173653742,0.0016847732990990865
881.622298,9.999999836529867e-05,0.000661389739607734
881.667177,9.999999932535859e-05,0.0006101554923035708
882.585393,9.999999455674763e-05,0.001511593939463199
882.622052,9.999999934176857e-05,0.0005162997658567375
882.634629,0.00010000004623511257,0.0011623531097987928
883.588804,0.00010000000072664355,0.0008730852058893442
883.626235,9.999999984217843e-05,0.0005042817551265201
883.638226,0.00010000000272112976,0.0007347121184425042
883.745735,0.0001000000034506426,0.0013785713361357582
885.750248,9.999999748467457e-05,0.0014327524256231349
887.740673,9.999999587593252e-05,0.0012374676260271445
888.744118,9.999999798891157e-05,0.0014105259213444453
888.769164,0.00010000000174674419,0.001353083008486133
889.421066,9.999999933066599e-05,0.0006092096175012086
890.443070,9.999999915444447e-05,0.000487097493401678
891.478348,0.0001000000007308695,0.0004954149684985653
891.655157,0.00010000000259049826,0.0009631598322265471
891.716253,0.00010000000669999412,0.0009116915359878314
892.567375,0.00010000000102031886,0.0005436065580230228
892.663729,9.999999969191337e-05,0.0006543375670103412
892.719791,9.999999859930649e-05,0.0009052410279475695
893.513533,9.999999934321631e-05,0.00052376302342864
893.667073,9.999999973286195e-05,0.0005153428059888195
894.503747,0.00010000001675974957,0.0007911839912277599
894.585525,0.00010000000065409234,0.000920543655553209
894.606727,9.999999943635123e-05,0.0005474226215517627
894.679666,9.999999946433827e-05,0.0005398473340545503
894.692567,0.00010000000348202034,0.00033098947019516493
895.505828,9.99999986887839e-05,0.0006200036713570157
895.590334,0.00010000000137951154,0.0010439833827815062
895.617118,0.00010000000205527962,0.0013496548734718075
896.481529,0.00010000022442603654,0.0037942638346531703
896.601070,9.999991653099631e-05,0.016862201602030565
897.485110,0.00010000003722860679,0.0018715109906670836
897.604502,0.0007356989526037863,0.00895873519659214
897.761428,9.999999788573704e-05,0.001028962023334899
898.498347,9.999999997792868e-05,0.0006509559056049905
898.618672,9.99999908028732e-05,0.002527535081771297
899.481872,0.00010000000711194373,0.0010439935607148888
899.501733,9.999999841841191e-05,0.0007600729031347948
899.575593,0.00010000000083427372,0.0005009032215576793
899.609401,0.00010000000109588526,0.0005913128432165027
899.620932,9.999999877901306e-05,0.0021318254693766837
899.765960,9.999999773396831e-05,0.0012401318109366492
900.466739,9.999999904360957e-05,0.000609973985331056
900.513406,0.00010000000118719675,0.0006055463243073876
900.551638,0.000100001967015646,0.00035451615618498387
900.623943,9.999999714368566e-05,0.0008322649122250228
901.756308,9.999999556455884e-05,0.001568338149024824
902.530616,0.00010000006317266814,0.001038715246895079
903.534518,0.00010000000302343569,0.000663647555471457
903.557703,9.999999905162538e-05,0.0006057773587984636
904.183531,0.00010000000649353526,0.0003351639820964964
904.546560,0.00010000017843306097,0.001062177104604576
904.569536,0.00010000000854139436,0.0038519754714669324
905.550089,9.999999999986917e-05,0.0006600692320605984
905.573376,0.00010000003384113233,0.0019867582977176703
906.561910,9.999999991105329e-05,0.0005117495171818796
907.509684,0.00010000000065269417,0.0005314963616698923
908.541445,0.00010000000360507834,0.0012017831279682656
908.650479,0.0001000000145753142,0.0008257475998642246
909.653981,9.99999992846468e-05,0.0006124312969525627
910.616795,0.00010000000124109266,0.0006952536234032272
910.666220,0.00010000001784533063,0.0010296616650335617
911.442992,9.99999999040269e-05,0.0005833028527541607
911.620422,9.999999923017731e-05,0.0005577190455865387
911.669633,9.999999972954123e-05,0.000664241918381325
912.574752,0.00010000000409411295,0.0012221616615296022
912.595925,0.00010000000224069646,0.0009317404793680237
913.578332,9.999999908515483e-05,0.000863261935455079
913.599601,0.00010000000124459493,0.0007619653854625938
913.637517,0.00010000000041115386,0.0005922396283451702
914.442239,0.00010000000126826168,0.0006830515292477785
915.455361,0.00010000006767709192,0.0031821400720234037
916.486755,0.00010000000370211983,0.0010912575106020645
917.452318,0.00010000000065487411,0.0006486940633448722
918.499930,9.999999934959699e-05,0.0007243038222978037
918.570362,0.00010000000925894915,0.0008439311628967548
918.585161,0.00010000017714905575,0.003477108216012409
918.666462,9.999999541877164e-05,0.00099847378186094
919.470299,9.99999998543344e-05,0.0007527835861996957
919.573861,0.00010000000130654572,0.0005990029491128375
919.588626,0.00010000004712545927,0.0018697621133056765
920.525426,9.99999990787745e-05,0.0005606316771435442
920.591145,0.00010000000129905767,0.0006107864514164467
921.544834,0.00010000000731088576,0.0008048581639924204
921.605209,0.0001000000010970708,0.0006309765120502633
922.499356,0.00010000000873489915,0.001231050374155056
922.557524,0.0001000000000019754,0.0005432742100203348
923.483541,9.999999819931002e-05,0.0007853282716342854
923.503817,0.00010000000182193578,0.0009306030487062979
923.621299,9.999999785222696e-05,0.0019041142944685612
924.536114,9.999999847109705e-05,0.0008099525446798599
925.477303,0.00010000000026612214,0.0006346293689878996
925.520038,0.0001000000025578394,0.002381562595523811
925.635987,0.00010000000690610144,0.003166512448872009
926.523638,0.00010000000101939178,0.0013988990495286985
926.638902,0.00010000001285303849,0.0010608306777216876
927.534145,9.999999890740777e-05,0.0006029824656736125
927.641862,0.00010000000067586532,0.0004911615169307705
928.569820,0.00010000000762543649,0.005718388252992044
928.590370,9.999999901990054e-05,0.0007661090960713544
929.596328,0.00010000000066411242,0.0004660901106025931
929.690720,0.00010000000057418986,0.0006015552286426807
930.562101,0.00010000000402471211,0.0006309711621882743
930.575853,0.00010000000206284068,0.001011390741442749
931.469317,9.999999893996164e-05,0.0006311075873292121
931.588893,9.999999849766372e-05,0.0008274150675498643
932.577673,0.00010000000291351294,0.0005831654972069533
932.600903,9.999999848334326e-05,0.0007698951704559776
933.408172,0.00010000000097817267,0.0008842097619300027
933.563514,0.00010000901844473426,0.000538169599759233
933.604780,9.9999999534593e-05,0.0007411536790365917
933.928133,0.00010000000070569,0.0006213788780398983
935.495828,9.999999613604071e-05,0.0013232718740573994
935.519143,9.999999947650151e-05,0.000644869860239894
936.678095,0.00010000000162677703,0.0007078838460149671
937.439530,9.999999495626714e-05,0.0017317980947679202
938.442938,9.999999759497798e-05,0.0009236467864440928
938.518911,0.00010000000055433019,0.0005983946941324494
939.497854,9.999999772501262e-05,0.0008035267747561214
940.534809,0.0001000000048743232,0.0010117618718433487
940.627530,9.999999963057276e-05,0.00045971247269653576
941.491648,9.999999881470468e-05,0.0009329712508936785
941.751447,0.00010000000108354615,0.0010144740186030208
942.754771,0.00010000000317449565,0.0013774234600108526
943.486789,0.00010000000340263708,0.000863305686376705
943.529197,9.999999323512845e-05,0.0018153501247661582
944.175775,0.00010006122823232922,0.004065026061225922
944.563148,0.00010000000124513884,0.0007350258172364184
944.587122,0.00010000001372013397,0.0005044292768124066
944.601507,0.0001000000129442006,0.0010339449858003018
944.682052,0.00010000000357116698,0.0007391750069537337
945.465707,0.00010000008390905938,0.002017654505435446
945.486439,0.00010000000206264653,0.0008946882634784714
946.602037,0.00010000002279359068,0.0008814327091070047
946.698013,0.00010000000390691016,0.0016214101823876878
947.502401,9.999999182300765e-05,0.0021467928170156797
947.605453,9.999999975859781e-05,0.0005884310049380539
947.620328,0.00010000001716375892,0.0019699325692211214
947.701403,9.999999820288103e-05,0.0010525553853696081
948.173259,9.995764886847886e-05,0.00025810140757617247
948.296576,0.00010000000060852364,0.0005013585971445261
948.505417,0.00010000000076090023,0.0011943945983649172
948.534092,0.00010000021310273613,0.0032043915249975047
948.558349,0.0001000000043494195,0.0005699417065465308
948.572861,0.00010000000067676984,0.0005918975575344553
948.623132,0.00010000000208374467,0.0006426213559597502
948.898738,0.00010000001042906766,0.0010971855249053682
949.176754,0.00010000008962986293,0.0002972089206655469
949.576480,9.99999995142919e-05,0.00047522063247008254
950.552139,9.999999534934932e-05,0.0014810823518042625
950.576456,0.0001000021221087587,0.0016428595325476334
950.704128,0.00010000047221180937,0.0010396771194637695
951.493173,0.00010000000212421114,0.0007087313272009686
951.534508,0.00010000000436757902,0.0008781561672361286
952.450238,0.00010000000194191145,0.0007674138014209518
952.568279,0.00010000000082425187,0.0006338534459878936
952.592427,0.00010000001520142412,0.000757964063005921
953.120019,8.974471712085825e-05,0.0002418644944875993
956.622471,0.0001000000105067641,0.0007486106033363373
957.533105,0.00010000000200970949,0.0007154497707452161
958.638281,0.00010000027640078615,0.0011614314219918248
958.659076,0.00010000304941419062,0.0017191011772331934
959.500850,0.00010000000258565804,0.0009238277484921033
959.579358,0.00010000028866959454,0.0008827703977061875
959.641628,0.00010000000277195541,0.0007659034111736797
959.662513,0.00010000073006305532,0.0010760128975552585
961.439639,0.00010000000844403134,0.0053368070605682725
961.511511,0.00010000001727698729,0.0018940689059851548
961.578988,9.999999911481394e-05,0.0006100281373552764
962.442998,0.00010000002882821624,0.002794733229394762
963.476348,9.99999740970069e-05,0.006982221807105823
963.591964,0.00010000000015377112,0.00050429838042027
964.531341,0.0001000051820317294,0.0015569243731743823
964.708566,9.99999967441903e-05,0.0012620948463516525
966.549947,0.00010002381309587359,0.005157159719712391
967.529349,9.999998770820394e-05,0.002294917154986324
968.566117,0.00010000054925504022,0.0017422432696559574
968.600768,0.0001000000027457101,0.000785263577035311
969.544929,0.00010000000086153317,0.0004897683871736755
969.547281,9.999999900075799e-05,0.0006292662816280944
969.551608,0.00010000000000082005,0.000519816737089623
969.604457,0.00010000000118781207,0.0005747427522607988
969.683412,0.00010000119576044279,0.0010464931377608018
971.501653,0.00010000114363950268,0.0010419610821375466
971.561072,9.999999902238672e-05,0.0007462607069203308
972.559964,0.00010000000660365091,0.0006382356533252311
972.674662,0.00010000002360009472,0.000649966403361864
973.621698,0.00010000000206638505,0.0007464824573013848
975.018520,0.00010000000484862731,0.0005584599497594812
975.553135,0.00010000001351104182,0.0020654589694852807
975.636441,0.00010000991763271748,0.0034704469443681517
976.555281,9.999999963606277e-05,0.0006494574299268363
978.583526,9.999999946721845e-05,0.0005562795068109384
978.976218,0.00010000000110445121,0.000711215544789749
982.545137,9.999999759626726e-05,0.0008977748437708176
982.638105,0.00010000000127098999,0.00068837962828603
984.653781,0.00010002279795571219,0.004912019454186484
984.674739,0.00010000028478699086,0.0009256361979926777
985.657242,0.00010001195044386718,0.0030580375186785532
985.678513,0.0001000000284224058,0.0006643007845550202
986.670031,0.00010000332894484949,0.0018587279225585587
986.690342,0.00010000133631710289,0.0015329340348159259
987.693721,0.00010000025912193252,0.0010064821254219137
989.652027,0.00010000004415781276,0.0010861743646901018
990.545782,9.999999923405297e-05,0.000539318637587841
990.950277,0.00010000000703305679,0.0006886035098620647
992.562677,9.999999898285301e-05,0.0005463840094549667
994.949852,9.999999914395669e-05,0.0006872637863346348
995.544893,0.00010000000401627567,0.0006980134468603435
